{
  "theta_exploration": {
    "theta": [
      0.005,
      0.010000000000000002,
      0.015000000000000003,
      0.020000000000000004,
      0.025000000000000005,
      0.030000000000000006,
      0.035,
      0.04,
      0.045000000000000005,
      0.05,
      0.05,
      0.06666666666666668,
      0.08333333333333334,
      0.1,
      0.11666666666666668,
      0.13333333333333336,
      0.15000000000000002,
      0.16666666666666669,
      0.18333333333333335,
      0.2,
      0.2,
      0.275,
      0.35,
      0.425,
      0.5
    ],
    "meanfield": [
      -4.638553901092012e-05,
      -6.093925093315185e-05,
      -7.787097167986409e-05,
      -9.847100120139909e-05,
      -0.00012576656407280344,
      -0.00017103574667798557,
      -0.00022019071989971538,
      -0.0001680293397969025,
      -0.00015661830129797235,
      -0.00015616251841606282,
      -0.00015616251841606282,
      -0.0002087519144824627,
      -0.00023436584806244836,
      -0.00011657470878137699,
      -6.355703687441121e-05,
      -2.842656650779203e-05,
      -2.096978902629666e-06,
      1.8921437163224763e-05,
      3.636360527771782e-05,
      5.122588228287823e-05,
      5.122588228287823e-05,
      9.90373493656827e-05,
      0.00012993200076915384,
      0.0001520740186529255,
      0.00016887058937303787
    ],
    "structured": [
      5.856582276315867e-05,
      -0.00012575174326899118,
      -7.088285565659638e-05,
      -8.891218092914347e-05,
      3.868894704886741e-05,
      1.009151482026153e-05,
      -4.833529277988182e-05,
      3.10962261149704e-05,
      -4.5528567043758874e-05,
      -0.00014214272458998854,
      -0.00014214272458998854,
      0.00018308882109853872,
      -7.825752690676633e-05,
      -9.145348804303511e-05,
      0.0005221806569415491,
      -0.0001544180047034403,
      4.163723462754657e-05,
      -0.00014572884986002236,
      6.958193378216457e-05,
      0.00022967123585047365,
      0.00022967123585047365,
      -4.7759804116467255e-05,
      -0.0002991413026697935,
      0.0005232412935724013,
      0.00022282086075448913
    ],
    "bottom": [
      -4.588266122433074e-05,
      -6.005727102445702e-05,
      -7.641564666375612e-05,
      -9.604320005965908e-05,
      -0.00012131582240281634,
      -0.00015973197676191013,
      -0.00031901316132261715,
      -0.00017848684812484658,
      -0.0001627869092873436,
      -0.0001607665008662978,
      -0.0001607665008662978,
      -0.0002116154687283378,
      -0.0002366597232593355,
      -0.00011857995416824107,
      -6.538461205046375e-05,
      -3.0131859932430768e-05,
      -3.7117188191505658e-06,
      1.7377173468737038e-05,
      3.4876399568348456e-05,
      4.978616191873155e-05,
      4.978616191873155e-05,
      9.77430882607387e-05,
      0.0001287259300373615,
      0.00015092746281833905,
      0.00016776584177936502
    ],
    "top": [
      -9.074929946704275e-05,
      0.0002018719369053946,
      0.00014727895799923176,
      0.0001389512105437699,
      0.0001171242859010101,
      0.00020118007174348596,
      0.00032411262383257386,
      0.0006638855347648982,
      -6.391662724623243e-05,
      1.1044067001455619e-05,
      1.1044067001455619e-05,
      0.000181755587502742,
      0.00015604839333139872,
      3.962085131656906e-05,
      0.000288789225045415,
      0.00031617328182984234,
      -2.7771877580005954e-05,
      -7.556924412959781e-05,
      0.00015643750495515258,
      0.00017589615665078583,
      0.00017589615665078583,
      0.0002011060152897306,
      0.0004210248454514524,
      0.0002645069414683281,
      0.00024357680216234744
    ]
  },
  "kappa_exploration": {
    "kappa": [
      0.5,
      0.75,
      1.0,
      1.25,
      1.5,
      2.0
    ],
    "meanfield": [
      3.922863442167892e-05,
      -0.0001796889711808033,
      -0.00015616251841606282,
      -0.00015152591909536363,
      -7.903615231344309e-05,
      -3.2720001491550005e-05
    ],
    "structured": [
      -7.377272229563437e-05,
      0.0003509968865880043,
      -0.00014214272458998854,
      5.738546526375141e-05,
      2.3900678436733968e-05,
      0.00012713240858256138
    ]
  },
  "omega_exploration": {
    "omega": [
      -4.0,
      -3.0,
      -2.0,
      -1.0,
      0.0
    ],
    "meanfield": [
      -1.1951603396575131e-05,
      3.5493731814764495e-05,
      -0.00015616251841606282,
      6.572349793055542e-05,
      0.00029313105690602224
    ],
    "structured": [
      0.0006429762045624991,
      0.0003098829546198022,
      -0.00014214272458998854,
      0.0003108729591522254,
      0.0003180980165812242
    ]
  },
  "cf_stability": [
    {
      "theta": 0.02,
      "lambda": -9.847100120139909e-05,
      "CF12": 1.3277936862980566e-05,
      "CF23": 0.027686806808524325,
      "total_I": 0.0002949603332370019
    },
    {
      "theta": 0.05,
      "lambda": -0.00015616251841606282,
      "CF12": 1.32751021397445e-05,
      "CF23": 0.02762033958503521,
      "total_I": 0.00029429178475493266
    },
    {
      "theta": 0.08,
      "lambda": -0.0002992129223567449,
      "CF12": 1.3274375757225904e-05,
      "CF23": 0.027603886087640746,
      "total_I": 0.0002941262566522313
    },
    {
      "theta": 0.1,
      "lambda": -0.00011657470878137699,
      "CF12": 1.3274132791855274e-05,
      "CF23": 0.02759840676703764,
      "total_I": 0.00029407113126228275
    },
    {
      "theta": 0.15,
      "lambda": -2.096955076720439e-06,
      "CF12": 1.3273808182722852e-05,
      "CF23": 0.027591104993466755,
      "total_I": 0.0002939976697222918
    },
    {
      "theta": 0.2,
      "lambda": 5.122588228287823e-05,
      "CF12": 6.953471534231101e-07,
      "CF23": 0.07957027790536907,
      "total_I": 0.0007966511629925008
    }
  ],
  "summary": {
    "mf_lambda_mean": 7.446822150384419e-05,
    "mf_lambda_std": 0.00035741660951872206,
    "st_lambda_mean": 0.00027194658322465625,
    "st_lambda_std": 0.0005599915854417053
  }
}